Country Name,Country Code,Series Name,Series Code,2012 [YR2012],2013 [YR2013],2014 [YR2014],2015 [YR2015],2016 [YR2016]
Afghanistan,AFG,Adjusted savings: education expenditure (% of GNI),NY.ADJ.AEDU.GN.ZS,1.6,1.6,1.6,..,..
Albania,ALB,Adjusted savings: education expenditure (% of GNI),NY.ADJ.AEDU.GN.ZS,2.842804,2.842804,2.842804,..,..
Algeria,DZA,Adjusted savings: education expenditure (% of GNI),NY.ADJ.AEDU.GN.ZS,4.4671956,4.4671956,4.4671956,..,..
American Samoa,ASM,Adjusted savings: education expenditure (% of GNI),NY.ADJ.AEDU.GN.ZS,..,..,..,..,..
Andorra,ADO,Adjusted savings: education expenditure (% of GNI),NY.ADJ.AEDU.GN.ZS,2.78,2.44,..,..,..
Angola,AGO,Adjusted savings: education expenditure (% of GNI),NY.ADJ.AEDU.GN.ZS,3.57,3.57,..,..,..
Antigua and Barbuda,ATG,Adjusted savings: education expenditure (% of GNI),NY.ADJ.AEDU.GN.ZS,2.25,2.25,2.25,..,..
Arab World,ARB,Adjusted savings: education expenditure (% of GNI),NY.ADJ.AEDU.GN.ZS,4.88061506339159,4.87905142555099,..,..,..
Argentina,ARG,Adjusted savings: education expenditure (% of GNI),NY.ADJ.AEDU.GN.ZS,4.52,4.52,4.52,..,..
Armenia,ARM,Adjusted savings: education expenditure (% of GNI),NY.ADJ.AEDU.GN.ZS,2.96,2.55,2.1,..,..
Aruba,ABW,Adjusted savings: education expenditure (% of GNI),NY.ADJ.AEDU.GN.ZS,..,..,..,..,..
Australia,AUS,Adjusted savings: education expenditure (% of GNI),NY.ADJ.AEDU.GN.ZS,5.05,5.05,5.05,..,..
Austria,AUT,Adjusted savings: education expenditure (% of GNI),NY.ADJ.AEDU.GN.ZS,5.21,5.21,5.21,..,..
Azerbaijan,AZE,Adjusted savings: education expenditure (% of GNI),NY.ADJ.AEDU.GN.ZS,2.56,2.56,2.56,..,..
"Bahamas, The",BHS,Adjusted savings: education expenditure (% of GNI),NY.ADJ.AEDU.GN.ZS,3.8356,3.8356,3.8356,..,..
Bahrain,BHR,Adjusted savings: education expenditure (% of GNI),NY.ADJ.AEDU.GN.ZS,2.91,2.91,..,..,..
Bangladesh,BGD,Adjusted savings: education expenditure (% of GNI),NY.ADJ.AEDU.GN.ZS,1.59,1.59,1.59,..,..
Barbados,BRB,Adjusted savings: education expenditure (% of GNI),NY.ADJ.AEDU.GN.ZS,5.39,..,..,..,..
Belarus,BLR,Adjusted savings: education expenditure (% of GNI),NY.ADJ.AEDU.GN.ZS,4.77,4.88,4.69,..,..
Belgium,BEL,Adjusted savings: education expenditure (% of GNI),NY.ADJ.AEDU.GN.ZS,6.12,6.12,6.12,..,..
Belize,BLZ,Adjusted savings: education expenditure (% of GNI),NY.ADJ.AEDU.GN.ZS,6.54500000000002,6.39,..,..,..
Benin,BEN,Adjusted savings: education expenditure (% of GNI),NY.ADJ.AEDU.GN.ZS,4.76,4.69,4.55,..,..
Bermuda,BMU,Adjusted savings: education expenditure (% of GNI),NY.ADJ.AEDU.GN.ZS,2.1,2.1,..,..,..
Bhutan,BTN,Adjusted savings: education expenditure (% of GNI),NY.ADJ.AEDU.GN.ZS,3.37,3.37,3.37,..,..
Bolivia,BOL,Adjusted savings: education expenditure (% of GNI),NY.ADJ.AEDU.GN.ZS,6.06924345744328,6.07462172872164,6.08,..,..
Bosnia and Herzegovina,BIH,Adjusted savings: education expenditure (% of GNI),NY.ADJ.AEDU.GN.ZS,..,..,..,..,..
Botswana,BWA,Adjusted savings: education expenditure (% of GNI),NY.ADJ.AEDU.GN.ZS,9.48,9.48,9.48,..,..
Brazil,BRA,Adjusted savings: education expenditure (% of GNI),NY.ADJ.AEDU.GN.ZS,5.54,5.54,5.54,..,..
British Virgin Islands,VGB,Adjusted savings: education expenditure (% of GNI),NY.ADJ.AEDU.GN.ZS,..,..,..,..,..
Brunei Darussalam,BRN,Adjusted savings: education expenditure (% of GNI),NY.ADJ.AEDU.GN.ZS,2.03,..,..,..,..
Bulgaria,BGR,Adjusted savings: education expenditure (% of GNI),NY.ADJ.AEDU.GN.ZS,3.57,3.57,3.57,..,..
Burkina Faso,BFA,Adjusted savings: education expenditure (% of GNI),NY.ADJ.AEDU.GN.ZS,3.62,4.31,4.31,..,..
Burundi,BDI,Adjusted savings: education expenditure (% of GNI),NY.ADJ.AEDU.GN.ZS,5.69,5.17552164109771,5.17552164109771,..,..
Cabo Verde,CPV,Adjusted savings: education expenditure (% of GNI),NY.ADJ.AEDU.GN.ZS,5.01,5.01,5.01,..,..
Cambodia,KHM,Adjusted savings: education expenditure (% of GNI),NY.ADJ.AEDU.GN.ZS,1.63,1.63,1.63,..,..
Cameroon,CMR,Adjusted savings: education expenditure (% of GNI),NY.ADJ.AEDU.GN.ZS,2.67,2.68,2.68,..,..
Canada,CAN,Adjusted savings: education expenditure (% of GNI),NY.ADJ.AEDU.GN.ZS,4.93,4.93,4.93,..,..
Caribbean small states,CSS,Adjusted savings: education expenditure (% of GNI),NY.ADJ.AEDU.GN.ZS,4.17485239594257,3.98928937469515,3.86051711682715,..,..
Cayman Islands,CYM,Adjusted savings: education expenditure (% of GNI),NY.ADJ.AEDU.GN.ZS,..,..,..,..,..
Central African Republic,CAF,Adjusted savings: education expenditure (% of GNI),NY.ADJ.AEDU.GN.ZS,1.15,1.15,1.15,..,..
Central Europe and the Baltics,CEB,Adjusted savings: education expenditure (% of GNI),NY.ADJ.AEDU.GN.ZS,4.61127655982903,4.61372789868376,4.62300959268042,..,..
Chad,TCD,Adjusted savings: education expenditure (% of GNI),NY.ADJ.AEDU.GN.ZS,1.62,1.62,1.62,..,..
Channel Islands,CHI,Adjusted savings: education expenditure (% of GNI),NY.ADJ.AEDU.GN.ZS,..,..,..,..,..
Chile,CHL,Adjusted savings: education expenditure (% of GNI),NY.ADJ.AEDU.GN.ZS,4.66,4.57,4.57,..,..
China,CHN,Adjusted savings: education expenditure (% of GNI),NY.ADJ.AEDU.GN.ZS,1.79,1.79,1.79,..,..
Colombia,COL,Adjusted savings: education expenditure (% of GNI),NY.ADJ.AEDU.GN.ZS,3.19,3.71763539853319,3.47,..,..
Comoros,COM,Adjusted savings: education expenditure (% of GNI),NY.ADJ.AEDU.GN.ZS,3.56139529426958,3.56139529426958,3.56139529426958,..,..
"Congo, Dem. Rep.",ZAR,Adjusted savings: education expenditure (% of GNI),NY.ADJ.AEDU.GN.ZS,1.88000000000001,2.06,2.06,..,..
"Congo, Rep.",COG,Adjusted savings: education expenditure (% of GNI),NY.ADJ.AEDU.GN.ZS,2.52,2.52,2.52,..,..
Costa Rica,CRI,Adjusted savings: education expenditure (% of GNI),NY.ADJ.AEDU.GN.ZS,6.85363163286112,7.07150884381475,7.07150884381475,..,..
Cote d'Ivoire,CIV,Adjusted savings: education expenditure (% of GNI),NY.ADJ.AEDU.GN.ZS,4.45428571428572,4.50714285714287,4.56,..,..
Croatia,HRV,Adjusted savings: education expenditure (% of GNI),NY.ADJ.AEDU.GN.ZS,4.19,4.19,4.19,..,..
Cuba,CUB,Adjusted savings: education expenditure (% of GNI),NY.ADJ.AEDU.GN.ZS,..,..,..,..,..
Curacao,CUW,Adjusted savings: education expenditure (% of GNI),NY.ADJ.AEDU.GN.ZS,..,..,..,..,..
Cyprus,CYP,Adjusted savings: education expenditure (% of GNI),NY.ADJ.AEDU.GN.ZS,5.94,5.94,5.94,..,..
Czech Republic,CZE,Adjusted savings: education expenditure (% of GNI),NY.ADJ.AEDU.GN.ZS,4.09,4.09,4.09,..,..
Denmark,DNK,Adjusted savings: education expenditure (% of GNI),NY.ADJ.AEDU.GN.ZS,8.07,8.07,8.07,..,..
Djibouti,DJI,Adjusted savings: education expenditure (% of GNI),NY.ADJ.AEDU.GN.ZS,..,..,..,..,..
Dominica,DMA,Adjusted savings: education expenditure (% of GNI),NY.ADJ.AEDU.GN.ZS,5,5,5,..,..
Dominican Republic,DOM,Adjusted savings: education expenditure (% of GNI),NY.ADJ.AEDU.GN.ZS,2,2.51925224672984,2.51925224672984,..,..
Early-demographic dividend,EAR,Adjusted savings: education expenditure (% of GNI),NY.ADJ.AEDU.GN.ZS,4.03172214914165,3.92351057172686,3.67530899033125,..,..
East Asia & Pacific,EAS,Adjusted savings: education expenditure (% of GNI),NY.ADJ.AEDU.GN.ZS,2.91623467684295,2.84041539876188,2.78697073616602,..,..
East Asia & Pacific (excluding high income),EAP,Adjusted savings: education expenditure (% of GNI),NY.ADJ.AEDU.GN.ZS,2.18135085115336,2.16496984608835,2.1404110113899,..,..
East Asia & Pacific (IDA & IBRD countries),TEA,Adjusted savings: education expenditure (% of GNI),NY.ADJ.AEDU.GN.ZS,2.18135085115336,2.16496984608835,2.1404110113899,..,..
Ecuador,ECU,Adjusted savings: education expenditure (% of GNI),NY.ADJ.AEDU.GN.ZS,3.93,3.93,3.93,..,..
"Egypt, Arab Rep.",EGY,Adjusted savings: education expenditure (% of GNI),NY.ADJ.AEDU.GN.ZS,4.4111256,4.4111256,4.4111256,..,..
El Salvador,SLV,Adjusted savings: education expenditure (% of GNI),NY.ADJ.AEDU.GN.ZS,3.15,3.15,3.15,..,..
Equatorial Guinea,GNQ,Adjusted savings: education expenditure (% of GNI),NY.ADJ.AEDU.GN.ZS,1,1,1,..,..
Eritrea,ERI,Adjusted savings: education expenditure (% of GNI),NY.ADJ.AEDU.GN.ZS,..,..,..,..,..
Estonia,EST,Adjusted savings: education expenditure (% of GNI),NY.ADJ.AEDU.GN.ZS,4.35,4.35,4.35,..,..
Ethiopia,ETH,Adjusted savings: education expenditure (% of GNI),NY.ADJ.AEDU.GN.ZS,3.64,2.88,2.88,..,..
Euro area,EMU,Adjusted savings: education expenditure (% of GNI),NY.ADJ.AEDU.GN.ZS,4.77071417042993,4.77918557788006,4.8116828129062,..,..
Europe & Central Asia,ECS,Adjusted savings: education expenditure (% of GNI),NY.ADJ.AEDU.GN.ZS,4.75776503402738,4.77540261532653,4.80705391518898,..,..
Europe & Central Asia (excluding high income),ECA,Adjusted savings: education expenditure (% of GNI),NY.ADJ.AEDU.GN.ZS,3.52856490637871,3.5289538124313,3.49638279716559,..,..
Europe & Central Asia (IDA & IBRD countries),TEC,Adjusted savings: education expenditure (% of GNI),NY.ADJ.AEDU.GN.ZS,3.68277210219849,3.68344874758699,3.66892524061488,..,..
European Union,EUU,Adjusted savings: education expenditure (% of GNI),NY.ADJ.AEDU.GN.ZS,4.95021368689682,4.97257591454136,5.00033990921328,..,..
Faroe Islands,FRO,Adjusted savings: education expenditure (% of GNI),NY.ADJ.AEDU.GN.ZS,..,..,..,..,..
Fiji,FJI,Adjusted savings: education expenditure (% of GNI),NY.ADJ.AEDU.GN.ZS,4.41,4.41,4.41,..,..
Finland,FIN,Adjusted savings: education expenditure (% of GNI),NY.ADJ.AEDU.GN.ZS,6.75,6.75,6.75,..,..
Fragile and conflict affected situations,FCS,Adjusted savings: education expenditure (% of GNI),NY.ADJ.AEDU.GN.ZS,3.08996005082702,3.19711811014613,3.18398034807673,..,..
France,FRA,Adjusted savings: education expenditure (% of GNI),NY.ADJ.AEDU.GN.ZS,5.01,5.01,5.01,..,..
French Polynesia,PYF,Adjusted savings: education expenditure (% of GNI),NY.ADJ.AEDU.GN.ZS,..,..,..,..,..
Gabon,GAB,Adjusted savings: education expenditure (% of GNI),NY.ADJ.AEDU.GN.ZS,3.06,3.06,3.06,..,..
"Gambia, The",GMB,Adjusted savings: education expenditure (% of GNI),NY.ADJ.AEDU.GN.ZS,2.44,2.66,2.66,..,..
Georgia,GEO,Adjusted savings: education expenditure (% of GNI),NY.ADJ.AEDU.GN.ZS,1.76,1.76,1.76,..,..
Germany,DEU,Adjusted savings: education expenditure (% of GNI),NY.ADJ.AEDU.GN.ZS,4.67,4.67,4.67,..,..
Ghana,GHA,Adjusted savings: education expenditure (% of GNI),NY.ADJ.AEDU.GN.ZS,7.99,5.84,5.84,..,..
Gibraltar,GIB,Adjusted savings: education expenditure (% of GNI),NY.ADJ.AEDU.GN.ZS,..,..,..,..,..
Greece,GRC,Adjusted savings: education expenditure (% of GNI),NY.ADJ.AEDU.GN.ZS,3.1,3.1,..,..,..
Greenland,GRL,Adjusted savings: education expenditure (% of GNI),NY.ADJ.AEDU.GN.ZS,..,..,..,..,..
Grenada,GRD,Adjusted savings: education expenditure (% of GNI),NY.ADJ.AEDU.GN.ZS,3.75,3.75,3.75,..,..
Guam,GUM,Adjusted savings: education expenditure (% of GNI),NY.ADJ.AEDU.GN.ZS,..,..,..,..,..
Guatemala,GTM,Adjusted savings: education expenditure (% of GNI),NY.ADJ.AEDU.GN.ZS,2.94,2.84,2.84,..,..
Guinea,GIN,Adjusted savings: education expenditure (% of GNI),NY.ADJ.AEDU.GN.ZS,2.58,3.07,3.07,..,..
Guinea-Bissau,GNB,Adjusted savings: education expenditure (% of GNI),NY.ADJ.AEDU.GN.ZS,1.38,1.16,1.16,..,..
Guyana,GUY,Adjusted savings: education expenditure (% of GNI),NY.ADJ.AEDU.GN.ZS,2.92,2.92,2.92,..,..
Haiti,HTI,Adjusted savings: education expenditure (% of GNI),NY.ADJ.AEDU.GN.ZS,1.461652,1.461652,1.461652,..,..
Heavily indebted poor countries (HIPC),HPC,Adjusted savings: education expenditure (% of GNI),NY.ADJ.AEDU.GN.ZS,3.66085808726976,3.46729506687375,3.45379414244832,..,..
High income,HIC,Adjusted savings: education expenditure (% of GNI),NY.ADJ.AEDU.GN.ZS,4.78044341866474,4.81716357807231,4.79730292763749,..,..
Honduras,HND,Adjusted savings: education expenditure (% of GNI),NY.ADJ.AEDU.GN.ZS,6.14441547999998,6.33,6.33,..,..
"Hong Kong SAR, China",HKG,Adjusted savings: education expenditure (% of GNI),NY.ADJ.AEDU.GN.ZS,2.80410118371172,2.80410118371172,2.80410118371172,..,..
Hungary,HUN,Adjusted savings: education expenditure (% of GNI),NY.ADJ.AEDU.GN.ZS,4.47,4.47,4.47,..,..
IBRD only,IBD,Adjusted savings: education expenditure (% of GNI),NY.ADJ.AEDU.GN.ZS,3.33137771486069,3.23575438514466,3.17801105432431,..,..
Iceland,ISL,Adjusted savings: education expenditure (% of GNI),NY.ADJ.AEDU.GN.ZS,7.65,7.65,..,..,..
IDA & IBRD total,IBT,Adjusted savings: education expenditure (% of GNI),NY.ADJ.AEDU.GN.ZS,3.29041401208241,3.19913436282449,3.14078331611612,..,..
IDA blend,IDB,Adjusted savings: education expenditure (% of GNI),NY.ADJ.AEDU.GN.ZS,2.50409676759099,2.54410922624749,2.52330667544878,..,..
IDA only,IDX,Adjusted savings: education expenditure (% of GNI),NY.ADJ.AEDU.GN.ZS,3.10436570907054,3.01889818402662,2.96214540157555,..,..
IDA total,IDA,Adjusted savings: education expenditure (% of GNI),NY.ADJ.AEDU.GN.ZS,2.76796572022155,2.75083656227789,2.70859700081155,..,..
India,IND,Adjusted savings: education expenditure (% of GNI),NY.ADJ.AEDU.GN.ZS,3.08,3.08,3.08,..,..
Indonesia,IDN,Adjusted savings: education expenditure (% of GNI),NY.ADJ.AEDU.GN.ZS,3.05,3.05,3.05,..,..
"Iran, Islamic Rep.",IRN,Adjusted savings: education expenditure (% of GNI),NY.ADJ.AEDU.GN.ZS,3.22090014022718,3.16,..,..,..
Iraq,IRQ,Adjusted savings: education expenditure (% of GNI),NY.ADJ.AEDU.GN.ZS,4.6,4.6,4.6,..,..
Ireland,IRL,Adjusted savings: education expenditure (% of GNI),NY.ADJ.AEDU.GN.ZS,6.74,6.74,6.74,..,..
Isle of Man,IMY,Adjusted savings: education expenditure (% of GNI),NY.ADJ.AEDU.GN.ZS,..,..,..,..,..
Israel,ISR,Adjusted savings: education expenditure (% of GNI),NY.ADJ.AEDU.GN.ZS,5.37,5.37,5.37,..,..
Italy,ITA,Adjusted savings: education expenditure (% of GNI),NY.ADJ.AEDU.GN.ZS,3.93,3.93,3.93,..,..
Jamaica,JAM,Adjusted savings: education expenditure (% of GNI),NY.ADJ.AEDU.GN.ZS,6.31,6.27,6.14,..,..
Japan,JPN,Adjusted savings: education expenditure (% of GNI),NY.ADJ.AEDU.GN.ZS,3.32029590201077,3.24474966475832,3.24474966475832,..,..
Jordan,JOR,Adjusted savings: education expenditure (% of GNI),NY.ADJ.AEDU.GN.ZS,4.24620181223999,4.24620181223999,4.24620181223999,..,..
Kazakhstan,KAZ,Adjusted savings: education expenditure (% of GNI),NY.ADJ.AEDU.GN.ZS,3.12827381550367,3.12827381550367,3.12827381550367,..,..
Kenya,KEN,Adjusted savings: education expenditure (% of GNI),NY.ADJ.AEDU.GN.ZS,4.88,4.88,4.88,..,..
Kiribati,KIR,Adjusted savings: education expenditure (% of GNI),NY.ADJ.AEDU.GN.ZS,6.1,6.1,6.1,..,..
"Korea, Dem. People’s Rep.",PRK,Adjusted savings: education expenditure (% of GNI),NY.ADJ.AEDU.GN.ZS,..,..,..,..,..
"Korea, Rep.",KOR,Adjusted savings: education expenditure (% of GNI),NY.ADJ.AEDU.GN.ZS,4.11,4.11,4.11,..,..
Kosovo,KSV,Adjusted savings: education expenditure (% of GNI),NY.ADJ.AEDU.GN.ZS,..,..,..,..,..
Kuwait,KWT,Adjusted savings: education expenditure (% of GNI),NY.ADJ.AEDU.GN.ZS,3.19,3.19,3.19,..,..
Kyrgyz Republic,KGZ,Adjusted savings: education expenditure (% of GNI),NY.ADJ.AEDU.GN.ZS,7.17,6.36,6.36,..,..
Lao PDR,LAO,Adjusted savings: education expenditure (% of GNI),NY.ADJ.AEDU.GN.ZS,1.05,1.05,1.05,..,..
Late-demographic dividend,LTE,Adjusted savings: education expenditure (% of GNI),NY.ADJ.AEDU.GN.ZS,3.12657441349765,3.08057563963358,2.98436616191633,..,..
Latin America & Caribbean,LCN,Adjusted savings: education expenditure (% of GNI),NY.ADJ.AEDU.GN.ZS,5.03153692003926,4.96080790772718,4.91409068410652,..,..
Latin America & Caribbean (excluding high income),LAC,Adjusted savings: education expenditure (% of GNI),NY.ADJ.AEDU.GN.ZS,5.02545759811596,4.95552575247583,4.94954709657485,..,..
Latin America & the Caribbean (IDA & IBRD countries),TLA,Adjusted savings: education expenditure (% of GNI),NY.ADJ.AEDU.GN.ZS,4.99484420947976,4.92048594791357,4.91569050552073,..,..
Latvia,LVA,Adjusted savings: education expenditure (% of GNI),NY.ADJ.AEDU.GN.ZS,4.32887472888942,4.32887472888942,4.32887472888942,..,..
Least developed countries: UN classification,LDC,Adjusted savings: education expenditure (% of GNI),NY.ADJ.AEDU.GN.ZS,2.59005120173004,2.59904483770562,2.40390278606704,..,..
Lebanon,LBN,Adjusted savings: education expenditure (% of GNI),NY.ADJ.AEDU.GN.ZS,1.79,2.1,2.1,..,..
Lesotho,LSO,Adjusted savings: education expenditure (% of GNI),NY.ADJ.AEDU.GN.ZS,9.73,9.73,9.73,..,..
Liberia,LBR,Adjusted savings: education expenditure (% of GNI),NY.ADJ.AEDU.GN.ZS,3.66,3.66,3.66,..,..
Libya,LBY,Adjusted savings: education expenditure (% of GNI),NY.ADJ.AEDU.GN.ZS,2.1374382,2.1374382,2.1374382,..,..
Liechtenstein,LIE,Adjusted savings: education expenditure (% of GNI),NY.ADJ.AEDU.GN.ZS,3.06221619992557,..,..,..,..
Lithuania,LTU,Adjusted savings: education expenditure (% of GNI),NY.ADJ.AEDU.GN.ZS,15.52,15.52,15.52,..,..
Low & middle income,LMY,Adjusted savings: education expenditure (% of GNI),NY.ADJ.AEDU.GN.ZS,3.24334236103717,3.14931792369318,3.08934974845073,..,..
Low income,LIC,Adjusted savings: education expenditure (% of GNI),NY.ADJ.AEDU.GN.ZS,3.29306711063716,3.18673950908723,3.23875411945603,..,..
Lower middle income,LMC,Adjusted savings: education expenditure (% of GNI),NY.ADJ.AEDU.GN.ZS,3.12603913825123,3.11521932401577,3.05730602054798,..,..
Luxembourg,LUX,Adjusted savings: education expenditure (% of GNI),NY.ADJ.AEDU.GN.ZS,3.88,3.88,3.88,..,..
"Macao SAR, China",MAC,Adjusted savings: education expenditure (% of GNI),NY.ADJ.AEDU.GN.ZS,1.96,2.08,2.08,..,..
"Macedonia, FYR",MKD,Adjusted savings: education expenditure (% of GNI),NY.ADJ.AEDU.GN.ZS,3.46440594027348,3.46440594027348,3.46440594027348,..,..
Madagascar,MDG,Adjusted savings: education expenditure (% of GNI),NY.ADJ.AEDU.GN.ZS,2.69,2.08,2.08,..,..
Malawi,MWI,Adjusted savings: education expenditure (% of GNI),NY.ADJ.AEDU.GN.ZS,5.57333333333325,6.23666666666658,6.9,..,..
Malaysia,MYS,Adjusted savings: education expenditure (% of GNI),NY.ADJ.AEDU.GN.ZS,5.91272909109333,6.09,6.09,..,..
Maldives,MDV,Adjusted savings: education expenditure (% of GNI),NY.ADJ.AEDU.GN.ZS,5.57,5.57,5.57,..,..
Mali,MLI,Adjusted savings: education expenditure (% of GNI),NY.ADJ.AEDU.GN.ZS,4.32,3.98,4.4,..,..
Malta,MLT,Adjusted savings: education expenditure (% of GNI),NY.ADJ.AEDU.GN.ZS,7.24,7.24,..,..,..
Marshall Islands,MHL,Adjusted savings: education expenditure (% of GNI),NY.ADJ.AEDU.GN.ZS,6.51,6.51,6.51,..,..
Mauritania,MRT,Adjusted savings: education expenditure (% of GNI),NY.ADJ.AEDU.GN.ZS,2.93,2.93,2.93,..,..
Mauritius,MUS,Adjusted savings: education expenditure (% of GNI),NY.ADJ.AEDU.GN.ZS,3.24,3.5,4.77,..,..
Mexico,MEX,Adjusted savings: education expenditure (% of GNI),NY.ADJ.AEDU.GN.ZS,5.04,5.04,5.04,..,..
"Micronesia, Fed. Sts.",FSM,Adjusted savings: education expenditure (% of GNI),NY.ADJ.AEDU.GN.ZS,23.62883,23.62883,23.62883,..,..
Middle East & North Africa,MEA,Adjusted savings: education expenditure (% of GNI),NY.ADJ.AEDU.GN.ZS,4.66592346215868,4.71177317548663,..,..,..
Middle East & North Africa (excluding high income),MNA,Adjusted savings: education expenditure (% of GNI),NY.ADJ.AEDU.GN.ZS,3.89329479474414,3.94822187802784,4.40985588863723,..,..
Middle East & North Africa (IDA & IBRD countries),TMN,Adjusted savings: education expenditure (% of GNI),NY.ADJ.AEDU.GN.ZS,3.89329479474414,3.94822187802784,4.40985588863723,..,..
Middle income,MIC,Adjusted savings: education expenditure (% of GNI),NY.ADJ.AEDU.GN.ZS,3.24272064897798,3.1488272386564,3.08727352815471,..,..
Moldova,MDA,Adjusted savings: education expenditure (% of GNI),NY.ADJ.AEDU.GN.ZS,6.99,6.54500000000002,6.1,..,..
Monaco,MCO,Adjusted savings: education expenditure (% of GNI),NY.ADJ.AEDU.GN.ZS,..,..,..,..,..
Mongolia,MNG,Adjusted savings: education expenditure (% of GNI),NY.ADJ.AEDU.GN.ZS,4.17,4.17,4.17,..,..
Montenegro,MNE,Adjusted savings: education expenditure (% of GNI),NY.ADJ.AEDU.GN.ZS,..,..,..,..,..
Morocco,MAR,Adjusted savings: education expenditure (% of GNI),NY.ADJ.AEDU.GN.ZS,5.2,5.2,5.2,..,..
Mozambique,MOZ,Adjusted savings: education expenditure (% of GNI),NY.ADJ.AEDU.GN.ZS,5.01,5.38,5.38,..,..
Myanmar,MMR,Adjusted savings: education expenditure (% of GNI),NY.ADJ.AEDU.GN.ZS,0.7,0.7,0.7,..,..
Namibia,NAM,Adjusted savings: education expenditure (% of GNI),NY.ADJ.AEDU.GN.ZS,8.34,8.34,8.34,..,..
Nauru,NRU,Adjusted savings: education expenditure (% of GNI),NY.ADJ.AEDU.GN.ZS,..,..,..,..,..
Nepal,NPL,Adjusted savings: education expenditure (% of GNI),NY.ADJ.AEDU.GN.ZS,4.2,4.2,4.2,..,..
Netherlands,NLD,Adjusted savings: education expenditure (% of GNI),NY.ADJ.AEDU.GN.ZS,5.45,5.45,5.45,..,..
New Caledonia,NCL,Adjusted savings: education expenditure (% of GNI),NY.ADJ.AEDU.GN.ZS,..,..,..,..,..
New Zealand,NZL,Adjusted savings: education expenditure (% of GNI),NY.ADJ.AEDU.GN.ZS,7.37,7.37,7.37,..,..
Nicaragua,NIC,Adjusted savings: education expenditure (% of GNI),NY.ADJ.AEDU.GN.ZS,4.1,4.1,4.1,..,..
Niger,NER,Adjusted savings: education expenditure (% of GNI),NY.ADJ.AEDU.GN.ZS,3.74,4.16,5.17,..,..
Nigeria,NGA,Adjusted savings: education expenditure (% of GNI),NY.ADJ.AEDU.GN.ZS,0.85,0.85,0.85,..,..
North America,NAC,Adjusted savings: education expenditure (% of GNI),NY.ADJ.AEDU.GN.ZS,5.03713565846099,5.03739416886858,5.03906952848099,..,..
Northern Mariana Islands,MNP,Adjusted savings: education expenditure (% of GNI),NY.ADJ.AEDU.GN.ZS,..,..,..,..,..
Norway,NOR,Adjusted savings: education expenditure (% of GNI),NY.ADJ.AEDU.GN.ZS,6.81,6.81,6.81,..,..
Not classified,INX,Adjusted savings: education expenditure (% of GNI),NY.ADJ.AEDU.GN.ZS,..,..,..,..,..
OECD members,OED,Adjusted savings: education expenditure (% of GNI),NY.ADJ.AEDU.GN.ZS,4.74593078502814,4.78247992661124,4.80576723860214,..,..
Oman,OMN,Adjusted savings: education expenditure (% of GNI),NY.ADJ.AEDU.GN.ZS,4.66,4.66,..,..,..
Other small states,OSS,Adjusted savings: education expenditure (% of GNI),NY.ADJ.AEDU.GN.ZS,3.42838446819166,3.47021754792725,3.26068548366122,..,..
Pacific island small states,PSS,Adjusted savings: education expenditure (% of GNI),NY.ADJ.AEDU.GN.ZS,6.0303280321935,6.03645174137418,6.01474992969214,..,..
Pakistan,PAK,Adjusted savings: education expenditure (% of GNI),NY.ADJ.AEDU.GN.ZS,1.6190594133016,1.78811882660317,1.78811882660317,..,..
Palau,PLW,Adjusted savings: education expenditure (% of GNI),NY.ADJ.AEDU.GN.ZS,..,..,..,..,..
Panama,PAN,Adjusted savings: education expenditure (% of GNI),NY.ADJ.AEDU.GN.ZS,2.8,2.8,2.8,..,..
Papua New Guinea,PNG,Adjusted savings: education expenditure (% of GNI),NY.ADJ.AEDU.GN.ZS,6.9,6.9,6.9,..,..
Paraguay,PRY,Adjusted savings: education expenditure (% of GNI),NY.ADJ.AEDU.GN.ZS,4.88,4.88,4.88,..,..
Peru,PER,Adjusted savings: education expenditure (% of GNI),NY.ADJ.AEDU.GN.ZS,2.4,2.69,3.09,..,..
Philippines,PHL,Adjusted savings: education expenditure (% of GNI),NY.ADJ.AEDU.GN.ZS,1.84,1.84,1.84,..,..
Poland,POL,Adjusted savings: education expenditure (% of GNI),NY.ADJ.AEDU.GN.ZS,4.83,4.83,4.83,..,..
Portugal,PRT,Adjusted savings: education expenditure (% of GNI),NY.ADJ.AEDU.GN.ZS,5.14,5.14,5.14,..,..
Post-demographic dividend,PST,Adjusted savings: education expenditure (% of GNI),NY.ADJ.AEDU.GN.ZS,4.75415893569398,4.79211988801939,4.81191184769145,..,..
Pre-demographic dividend,PRE,Adjusted savings: education expenditure (% of GNI),NY.ADJ.AEDU.GN.ZS,2.60121693015966,2.58367872847025,2.44294766801197,..,..
Puerto Rico,PRI,Adjusted savings: education expenditure (% of GNI),NY.ADJ.AEDU.GN.ZS,8.21671420522046,8.21671420522046,..,..,..
Qatar,QAT,Adjusted savings: education expenditure (% of GNI),NY.ADJ.AEDU.GN.ZS,1.8,1.8,1.8,..,..
Romania,ROM,Adjusted savings: education expenditure (% of GNI),NY.ADJ.AEDU.GN.ZS,2.81,2.81,2.81,..,..
Russian Federation,RUS,Adjusted savings: education expenditure (% of GNI),NY.ADJ.AEDU.GN.ZS,3.5443443,3.5443443,3.5443443,..,..
Rwanda,RWA,Adjusted savings: education expenditure (% of GNI),NY.ADJ.AEDU.GN.ZS,3.96,4.28,4.28,..,..
Samoa,WSM,Adjusted savings: education expenditure (% of GNI),NY.ADJ.AEDU.GN.ZS,4.24,4.24,4.24,..,..
San Marino,SMR,Adjusted savings: education expenditure (% of GNI),NY.ADJ.AEDU.GN.ZS,..,..,..,..,..
Sao Tome and Principe,STP,Adjusted savings: education expenditure (% of GNI),NY.ADJ.AEDU.GN.ZS,3.47,5.08,3.48,..,..
Saudi Arabia,SAU,Adjusted savings: education expenditure (% of GNI),NY.ADJ.AEDU.GN.ZS,7.1861867,7.1861867,..,..,..
Senegal,SEN,Adjusted savings: education expenditure (% of GNI),NY.ADJ.AEDU.GN.ZS,5.19,5.19,5.19,..,..
Serbia,SRB,Adjusted savings: education expenditure (% of GNI),NY.ADJ.AEDU.GN.ZS,4.4688072306458,4.4688072306458,4.4688072306458,..,..
Seychelles,SYC,Adjusted savings: education expenditure (% of GNI),NY.ADJ.AEDU.GN.ZS,3.49,3.49,3.49,..,..
Sierra Leone,SLE,Adjusted savings: education expenditure (% of GNI),NY.ADJ.AEDU.GN.ZS,3.33115096299671,2.58,2.58,..,..
Singapore,SGP,Adjusted savings: education expenditure (% of GNI),NY.ADJ.AEDU.GN.ZS,2.88,2.76,2.76,..,..
Sint Maarten (Dutch part),SXM,Adjusted savings: education expenditure (% of GNI),NY.ADJ.AEDU.GN.ZS,..,..,..,..,..
Slovak Republic,SVK,Adjusted savings: education expenditure (% of GNI),NY.ADJ.AEDU.GN.ZS,3.74,3.74,3.74,..,..
Slovenia,SVN,Adjusted savings: education expenditure (% of GNI),NY.ADJ.AEDU.GN.ZS,5.36,5.36,5.36,..,..
Small states,SST,Adjusted savings: education expenditure (% of GNI),NY.ADJ.AEDU.GN.ZS,3.57684763925634,3.5879675941451,3.40897661451689,..,..
Solomon Islands,SLB,Adjusted savings: education expenditure (% of GNI),NY.ADJ.AEDU.GN.ZS,9.94,9.94,9.94,..,..
Somalia,SOM,Adjusted savings: education expenditure (% of GNI),NY.ADJ.AEDU.GN.ZS,..,0.991144636141377,0.991144636141377,..,..
South Africa,ZAF,Adjusted savings: education expenditure (% of GNI),NY.ADJ.AEDU.GN.ZS,6.25,5.93245570738341,5.97,..,..
South Asia,SAS,Adjusted savings: education expenditure (% of GNI),NY.ADJ.AEDU.GN.ZS,2.78552904586313,2.79269544794462,2.7946287325376,..,..
South Asia (IDA & IBRD),TSA,Adjusted savings: education expenditure (% of GNI),NY.ADJ.AEDU.GN.ZS,2.78552904586313,2.79269544794462,2.7946287325376,..,..
South Sudan,SSD,Adjusted savings: education expenditure (% of GNI),NY.ADJ.AEDU.GN.ZS,..,..,..,..,..
Spain,ESP,Adjusted savings: education expenditure (% of GNI),NY.ADJ.AEDU.GN.ZS,4.1,4.1,4.1,..,..
Sri Lanka,LKA,Adjusted savings: education expenditure (% of GNI),NY.ADJ.AEDU.GN.ZS,1.43,1.43,1.43,..,..
St. Kitts and Nevis,KNA,Adjusted savings: education expenditure (% of GNI),NY.ADJ.AEDU.GN.ZS,3.31,3.31,3.31,..,..
St. Lucia,LCA,Adjusted savings: education expenditure (% of GNI),NY.ADJ.AEDU.GN.ZS,3.99,4.75,4.75,..,..
St. Martin (French part),MAF,Adjusted savings: education expenditure (% of GNI),NY.ADJ.AEDU.GN.ZS,..,..,..,..,..
St. Vincent and the Grenadines,VCT,Adjusted savings: education expenditure (% of GNI),NY.ADJ.AEDU.GN.ZS,5.17857240093899,5.17857240093899,5.17857240093899,..,..
Sub-Saharan Africa,SSF,Adjusted savings: education expenditure (% of GNI),NY.ADJ.AEDU.GN.ZS,3.59635999101335,3.31608727200596,3.19642692801545,..,..
Sub-Saharan Africa (excluding high income),SSA,Adjusted savings: education expenditure (% of GNI),NY.ADJ.AEDU.GN.ZS,3.59643564260542,3.3159406445075,3.19617495488233,..,..
Sub-Saharan Africa (IDA & IBRD countries),TSS,Adjusted savings: education expenditure (% of GNI),NY.ADJ.AEDU.GN.ZS,3.59635999101335,3.31608727200596,3.19642692801545,..,..
Sudan,SDN,Adjusted savings: education expenditure (% of GNI),NY.ADJ.AEDU.GN.ZS,2.18,2.18,2.18,..,..
Suriname,SUR,Adjusted savings: education expenditure (% of GNI),NY.ADJ.AEDU.GN.ZS,3.4447781,3.4447781,3.4447781,..,..
Swaziland,SWZ,Adjusted savings: education expenditure (% of GNI),NY.ADJ.AEDU.GN.ZS,9.23,9.23,9.23,..,..
Sweden,SWE,Adjusted savings: education expenditure (% of GNI),NY.ADJ.AEDU.GN.ZS,7.08,7.08,7.08,..,..
Switzerland,CHE,Adjusted savings: education expenditure (% of GNI),NY.ADJ.AEDU.GN.ZS,4.57,4.57,4.57,..,..
Syrian Arab Republic,SYR,Adjusted savings: education expenditure (% of GNI),NY.ADJ.AEDU.GN.ZS,..,..,..,..,..
Tajikistan,TJK,Adjusted savings: education expenditure (% of GNI),NY.ADJ.AEDU.GN.ZS,3.66,3.66,3.66,..,..
Tanzania,TZA,Adjusted savings: education expenditure (% of GNI),NY.ADJ.AEDU.GN.ZS,3.73,3.73,3.73,..,..
Thailand,THA,Adjusted savings: education expenditure (% of GNI),NY.ADJ.AEDU.GN.ZS,4.88633213303727,4.88633213303727,4.88633213303727,..,..
Timor-Leste,TMP,Adjusted savings: education expenditure (% of GNI),NY.ADJ.AEDU.GN.ZS,2.12216966996487,2.12216966996487,2.12216966996487,..,..
Togo,TGO,Adjusted savings: education expenditure (% of GNI),NY.ADJ.AEDU.GN.ZS,4.84,5.09,5.28,..,..
Tonga,TON,Adjusted savings: education expenditure (% of GNI),NY.ADJ.AEDU.GN.ZS,2.93,2.93,2.93,..,..
Trinidad and Tobago,TTO,Adjusted savings: education expenditure (% of GNI),NY.ADJ.AEDU.GN.ZS,2.87,2.87,2.87,..,..
Tunisia,TUN,Adjusted savings: education expenditure (% of GNI),NY.ADJ.AEDU.GN.ZS,5.9,5.9,5.9,..,..
Turkey,TUR,Adjusted savings: education expenditure (% of GNI),NY.ADJ.AEDU.GN.ZS,2.64,2.64,2.64,..,..
Turkmenistan,TKM,Adjusted savings: education expenditure (% of GNI),NY.ADJ.AEDU.GN.ZS,2.32,2.32,2.32,..,..
Turks and Caicos Islands,TCA,Adjusted savings: education expenditure (% of GNI),NY.ADJ.AEDU.GN.ZS,..,..,..,..,..
Tuvalu,TUV,Adjusted savings: education expenditure (% of GNI),NY.ADJ.AEDU.GN.ZS,..,..,..,..,..
Uganda,UGA,Adjusted savings: education expenditure (% of GNI),NY.ADJ.AEDU.GN.ZS,2.4,2,2,..,..
Ukraine,UKR,Adjusted savings: education expenditure (% of GNI),NY.ADJ.AEDU.GN.ZS,6.56520952722894,6.56520952722894,6.56520952722894,..,..
United Arab Emirates,ARE,Adjusted savings: education expenditure (% of GNI),NY.ADJ.AEDU.GN.ZS,..,..,..,..,..
United Kingdom,GBR,Adjusted savings: education expenditure (% of GNI),NY.ADJ.AEDU.GN.ZS,5.25999999999995,5.37,5.37,..,..
United States,USA,Adjusted savings: education expenditure (% of GNI),NY.ADJ.AEDU.GN.ZS,5.05,5.05,5.05,..,..
Upper middle income,UMC,Adjusted savings: education expenditure (% of GNI),NY.ADJ.AEDU.GN.ZS,3.27387463404534,3.15791750091826,3.09562416598626,..,..
Uruguay,URY,Adjusted savings: education expenditure (% of GNI),NY.ADJ.AEDU.GN.ZS,4.36470687590774,4.36470687590774,4.36470687590774,..,..
Uzbekistan,UZB,Adjusted savings: education expenditure (% of GNI),NY.ADJ.AEDU.GN.ZS,9.3747642,9.3747642,9.3747642,..,..
Vanuatu,VUT,Adjusted savings: education expenditure (% of GNI),NY.ADJ.AEDU.GN.ZS,5.02,5.02,5.02,..,..
"Venezuela, RB",VEN,Adjusted savings: education expenditure (% of GNI),NY.ADJ.AEDU.GN.ZS,6.54,..,..,..,..
Vietnam,VNM,Adjusted savings: education expenditure (% of GNI),NY.ADJ.AEDU.GN.ZS,5.37360760939456,5.37360760939456,5.37360760939456,..,..
Virgin Islands (U.S.),VIR,Adjusted savings: education expenditure (% of GNI),NY.ADJ.AEDU.GN.ZS,..,..,..,..,..
West Bank and Gaza,WBG,Adjusted savings: education expenditure (% of GNI),NY.ADJ.AEDU.GN.ZS,..,..,..,..,..
World,WLD,Adjusted savings: education expenditure (% of GNI),NY.ADJ.AEDU.GN.ZS,4.2525709133859,4.23287297182851,4.18897067061365,..,..
"Yemen, Rep.",YEM,Adjusted savings: education expenditure (% of GNI),NY.ADJ.AEDU.GN.ZS,3.6,3.6,..,..,..
Zambia,ZMB,Adjusted savings: education expenditure (% of GNI),NY.ADJ.AEDU.GN.ZS,1.06,1.06,1.06,..,..
Zimbabwe,ZWE,Adjusted savings: education expenditure (% of GNI),NY.ADJ.AEDU.GN.ZS,1.91,1.91,1.91,..,..
,,,,,,,,
,,,,,,,,
,,,,,,,,
Data from database: World Development Indicators,,,,,,,,
Last Updated: 10/14/2016,,,,,,,,
